{
    "type": "object",
    "properties": {
        "aufnahmetrupp": {
            "title": "Aufnahmetruppkürzel",
            "type": "string",
            "description": "The name of the user",
            "minLength": 1,
            "maxLength": 100,
            "helperText": "Enter your name"
        },
        "GNSSDevice": {
            "title": "GNSS-Gerät - Bezeichnung des Gerätes",
            "type": "string",
            "description": "GNSS-Gerät - Bezeichnung des Gerätes",
            "minLength": 1,
            "maxLength": 100,
            "helperText": "Enter your name"
        },

        "coordinates": {
            "title": "Coordinates",
            "type": "object",
            "properties": {
                "latitude": {
                    "title": "Latitude",
                    "type": "number",
                    "description": "The latitude of the user",
                    "minimum": -90,
                    "maximum": 90,
                    "helperText": "Enter your latitude"
                },
                "longitude": {
                    "title": "Longitude",
                    "type": "number",
                    "description": "The longitude of the user",
                    "minimum": -180,
                    "maximum": 180,
                    "helperText": "Enter your longitude"
                }
            },
            "required": [
                "latitude",
                "longitude"
            ]
        },
        "stichprobenpunkt": {
            "type": "object",
            "properties": {
                "unbestockt": {
                    "title": "unbestockt",
                    "type": "string",
                    "description": "unbestockt des",
                    "minLength": 1,
                    "maxLength": 100,
                    "helperText": "Enter your name"
                },
                "nichtWald": {
                    "title": "nichtWald",
                    "type": "string",
                    "description": "nichtWald des",
                    "minLength": 1,
                    "maxLength": 100,
                    "helperText": "Enter your name"
                }
            }
        }
    },
    "required": [
        "aufnahmetrupp",
        "GNSSDevice",
        "coordinates",
        "stichprobenpunkt"
    ]
}